system_id,query_id,rank,score,source_span_id,owner_repo,path,line_start
D,v53e_0001,1,1,v53e_0001_span_001,django/django,README.rst,44
D,v53e_0002,1,1,v53e_0002_span_001,django/django,pyproject.toml,15
D,v53e_0003,1,1,v53e_0003_span_001,django/django,pyproject.toml,45
D,v53e_0004,1,1,v53e_0004_span_001,fastapi/fastapi,pyproject.toml,180
D,v53e_0005,1,1,v53e_0005_span_001,fastapi/fastapi,pyproject.toml,261
D,v53e_0006,1,1,v53e_0006_span_001,pallets/click,README.md,8
D,v53e_0007,1,1,v53e_0007_span_001,pallets/flask,README.md,16
D,v53e_0008,1,1,v53e_0008_span_001,pallets/flask,examples/javascript/pyproject.toml,12
D,v53e_0009,1,1,v53e_0009_span_001,psf/requests,pyproject.toml,9
D,v53e_0010,1,1,v53e_0010_span_001,psf/requests,pyproject.toml,108
D,v53e_0011,1,1,v53e_0011_span_001,pypa/pip,pyproject.toml,177
D,v53e_0012,1,1,v53e_0012_span_001,pypa/pip,pyproject.toml,252
D,v53e_0013,1,1,v53e_0013_span_001,pypa/pip,pyproject.toml,288
D,v53e_0014,1,1,v53e_0014_span_001,pypa/sampleproject,README.md,24
D,v53e_0015,1,1,v53e_0015_span_001,pypa/sampleproject,pyproject.toml,24
D,v53e_0016,1,1,v53e_0016_span_001,pypa/sampleproject,pyproject.toml,141
D,v53e_0017,1,1,v53e_0017_span_001,pytest-dev/pytest,pyproject.toml,420
D,v53e_0018,1,1,v53e_0018_span_001,pytest-dev/pytest,pyproject.toml,513
D,v53e_0019,1,1,v53e_0019_span_001,pytest-dev/pytest,tox.ini,21
D,v53e_0020,1,1,v53e_0020_span_001,python/cpython,Doc/README.rst,116
D,v53e_0021,1,1,v53e_0021_span_001,python/cpython,Doc/README.rst,132
D,v53e_0022,1,1,v53e_0022_span_001,tiangolo/typer,README.md,68
D,v53e_0023,1,1,v53e_0023_span_001,tiangolo/typer,README.md,136
D,v53e_0024,1,1,v53e_0024_span_001,tiangolo/typer,pyproject.toml,180
D,v53e_0025,1,1,v53e_0025_span_001,django/django,README.rst,44
D,v53e_0026,1,1,v53e_0026_span_001,django/django,pyproject.toml,15
D,v53e_0027,1,1,v53e_0027_span_001,django/django,pyproject.toml,45
D,v53e_0028,1,1,v53e_0028_span_001,fastapi/fastapi,pyproject.toml,180
D,v53e_0029,1,1,v53e_0029_span_001,fastapi/fastapi,pyproject.toml,261
D,v53e_0030,1,1,v53e_0030_span_001,pallets/click,README.md,8
D,v53e_0031,1,1,v53e_0031_span_001,pallets/flask,README.md,16
D,v53e_0032,1,1,v53e_0032_span_001,pallets/flask,examples/javascript/pyproject.toml,12
D,v53e_0033,1,1,v53e_0033_span_001,psf/requests,pyproject.toml,9
D,v53e_0034,1,1,v53e_0034_span_001,psf/requests,pyproject.toml,108
D,v53e_0035,1,1,v53e_0035_span_001,pypa/pip,pyproject.toml,177
D,v53e_0036,1,1,v53e_0036_span_001,pypa/pip,pyproject.toml,252
D,v53e_0037,1,1,v53e_0037_span_001,pypa/pip,pyproject.toml,288
D,v53e_0038,1,1,v53e_0038_span_001,pypa/sampleproject,README.md,24
D,v53e_0039,1,1,v53e_0039_span_001,pypa/sampleproject,pyproject.toml,24
D,v53e_0040,1,1,v53e_0040_span_001,pypa/sampleproject,pyproject.toml,141
D,v53e_0041,1,1,v53e_0041_span_001,pytest-dev/pytest,pyproject.toml,420
D,v53e_0042,1,1,v53e_0042_span_001,pytest-dev/pytest,pyproject.toml,513
D,v53e_0043,1,1,v53e_0043_span_001,pytest-dev/pytest,tox.ini,21
D,v53e_0044,1,1,v53e_0044_span_001,python/cpython,Doc/README.rst,116
D,v53e_0045,1,1,v53e_0045_span_001,python/cpython,Doc/README.rst,132
D,v53e_0046,1,1,v53e_0046_span_001,tiangolo/typer,README.md,68
D,v53e_0047,1,1,v53e_0047_span_001,tiangolo/typer,README.md,136
D,v53e_0048,1,1,v53e_0048_span_001,tiangolo/typer,pyproject.toml,180
D,v53e_0049,1,1,v53e_0049_span_001,django/django,README.rst,44
D,v53e_0050,1,1,v53e_0050_span_001,django/django,pyproject.toml,15
D,v53e_0051,1,1,v53e_0051_span_001,django/django,pyproject.toml,45
D,v53e_0052,1,1,v53e_0052_span_001,fastapi/fastapi,pyproject.toml,180
D,v53e_0053,1,1,v53e_0053_span_001,fastapi/fastapi,pyproject.toml,261
D,v53e_0054,1,1,v53e_0054_span_001,pallets/click,README.md,8
D,v53e_0055,1,1,v53e_0055_span_001,pallets/flask,README.md,16
D,v53e_0056,1,1,v53e_0056_span_001,pallets/flask,examples/javascript/pyproject.toml,12
D,v53e_0057,1,1,v53e_0057_span_001,psf/requests,pyproject.toml,9
D,v53e_0058,1,1,v53e_0058_span_001,psf/requests,pyproject.toml,108
D,v53e_0059,1,1,v53e_0059_span_001,pypa/pip,pyproject.toml,177
D,v53e_0060,1,1,v53e_0060_span_001,pypa/pip,pyproject.toml,252
D,v53e_0061,1,1,v53e_0061_span_001,pypa/pip,pyproject.toml,288
D,v53e_0062,1,1,v53e_0062_span_001,pypa/sampleproject,README.md,24
D,v53e_0063,1,1,v53e_0063_span_001,pypa/sampleproject,pyproject.toml,24
D,v53e_0064,1,1,v53e_0064_span_001,pypa/sampleproject,pyproject.toml,141
D,v53e_0065,1,1,v53e_0065_span_001,pytest-dev/pytest,pyproject.toml,420
D,v53e_0066,1,1,v53e_0066_span_001,pytest-dev/pytest,pyproject.toml,513
D,v53e_0067,1,1,v53e_0067_span_001,pytest-dev/pytest,tox.ini,21
D,v53e_0068,1,1,v53e_0068_span_001,python/cpython,Doc/README.rst,116
D,v53e_0069,1,1,v53e_0069_span_001,python/cpython,Doc/README.rst,132
D,v53e_0070,1,1,v53e_0070_span_001,tiangolo/typer,README.md,68
D,v53e_0071,1,1,v53e_0071_span_001,tiangolo/typer,README.md,136
D,v53e_0072,1,1,v53e_0072_span_001,tiangolo/typer,pyproject.toml,180
D,v53e_0073,1,1,v53e_0073_span_001,django/django,README.rst,44
D,v53e_0074,1,1,v53e_0074_span_001,django/django,pyproject.toml,15
D,v53e_0075,1,1,v53e_0075_span_001,django/django,pyproject.toml,45
D,v53e_0076,1,1,v53e_0076_span_001,fastapi/fastapi,pyproject.toml,180
D,v53e_0077,1,1,v53e_0077_span_001,fastapi/fastapi,pyproject.toml,261
D,v53e_0078,1,1,v53e_0078_span_001,pallets/click,README.md,8
D,v53e_0079,1,1,v53e_0079_span_001,pallets/flask,README.md,16
D,v53e_0080,1,1,v53e_0080_span_001,pallets/flask,examples/javascript/pyproject.toml,12
D,v53e_0081,1,1,v53e_0081_span_001,psf/requests,pyproject.toml,9
D,v53e_0082,1,1,v53e_0082_span_001,psf/requests,pyproject.toml,108
D,v53e_0083,1,1,v53e_0083_span_001,pypa/pip,pyproject.toml,177
D,v53e_0084,1,1,v53e_0084_span_001,pypa/pip,pyproject.toml,252
D,v53e_0085,1,1,v53e_0085_span_001,pypa/pip,pyproject.toml,288
D,v53e_0086,1,1,v53e_0086_span_001,pypa/sampleproject,README.md,24
D,v53e_0087,1,1,v53e_0087_span_001,pypa/sampleproject,pyproject.toml,24
D,v53e_0088,1,1,v53e_0088_span_001,pypa/sampleproject,pyproject.toml,141
D,v53e_0089,1,1,v53e_0089_span_001,pytest-dev/pytest,pyproject.toml,420
D,v53e_0090,1,1,v53e_0090_span_001,pytest-dev/pytest,pyproject.toml,513
D,v53e_0091,1,1,v53e_0091_span_001,pytest-dev/pytest,tox.ini,21
D,v53e_0092,1,1,v53e_0092_span_001,python/cpython,Doc/README.rst,116
D,v53e_0093,1,1,v53e_0093_span_001,python/cpython,Doc/README.rst,132
D,v53e_0094,1,1,v53e_0094_span_001,tiangolo/typer,README.md,68
D,v53e_0095,1,1,v53e_0095_span_001,tiangolo/typer,README.md,136
D,v53e_0096,1,1,v53e_0096_span_001,tiangolo/typer,pyproject.toml,180
D,v53e_0097,1,1,v53e_0097_span_001,django/django,README.rst,44
D,v53e_0098,1,1,v53e_0098_span_001,django/django,pyproject.toml,15
D,v53e_0099,1,1,v53e_0099_span_001,django/django,pyproject.toml,45
D,v53e_0100,1,1,v53e_0100_span_001,fastapi/fastapi,pyproject.toml,180
D,v53e_0101,1,1,v53e_0101_span_001,fastapi/fastapi,pyproject.toml,261
D,v53e_0102,1,1,v53e_0102_span_001,pallets/click,README.md,8
D,v53e_0103,1,1,v53e_0103_span_001,pallets/flask,README.md,16
D,v53e_0104,1,1,v53e_0104_span_001,pallets/flask,examples/javascript/pyproject.toml,12
D,v53e_0105,1,1,v53e_0105_span_001,psf/requests,pyproject.toml,9
D,v53e_0106,1,1,v53e_0106_span_001,psf/requests,pyproject.toml,108
D,v53e_0107,1,1,v53e_0107_span_001,pypa/pip,pyproject.toml,177
D,v53e_0108,1,1,v53e_0108_span_001,pypa/pip,pyproject.toml,252
D,v53e_0109,1,1,v53e_0109_span_001,pypa/pip,pyproject.toml,288
D,v53e_0110,1,1,v53e_0110_span_001,pypa/sampleproject,README.md,24
D,v53e_0111,1,1,v53e_0111_span_001,pypa/sampleproject,pyproject.toml,24
D,v53e_0112,1,1,v53e_0112_span_001,pypa/sampleproject,pyproject.toml,141
D,v53e_0113,1,1,v53e_0113_span_001,pytest-dev/pytest,pyproject.toml,420
D,v53e_0114,1,1,v53e_0114_span_001,pytest-dev/pytest,pyproject.toml,513
D,v53e_0115,1,1,v53e_0115_span_001,pytest-dev/pytest,tox.ini,21
D,v53e_0116,1,1,v53e_0116_span_001,python/cpython,Doc/README.rst,116
D,v53e_0117,1,1,v53e_0117_span_001,python/cpython,Doc/README.rst,132
D,v53e_0118,1,1,v53e_0118_span_001,tiangolo/typer,README.md,68
D,v53e_0119,1,1,v53e_0119_span_001,tiangolo/typer,README.md,136
D,v53e_0120,1,1,v53e_0120_span_001,tiangolo/typer,pyproject.toml,180
D,v53e_0121,1,1,v53e_0121_span_001,django/django,README.rst,44
D,v53e_0122,1,1,v53e_0122_span_001,django/django,pyproject.toml,15
D,v53e_0123,1,1,v53e_0123_span_001,django/django,pyproject.toml,45
D,v53e_0124,1,1,v53e_0124_span_001,fastapi/fastapi,pyproject.toml,180
D,v53e_0125,1,1,v53e_0125_span_001,fastapi/fastapi,pyproject.toml,261
D,v53e_0126,1,1,v53e_0126_span_001,pallets/click,README.md,8
D,v53e_0127,1,1,v53e_0127_span_001,pallets/flask,README.md,16
D,v53e_0128,1,1,v53e_0128_span_001,pallets/flask,examples/javascript/pyproject.toml,12
D,v53e_0129,1,1,v53e_0129_span_001,psf/requests,pyproject.toml,9
D,v53e_0130,1,1,v53e_0130_span_001,psf/requests,pyproject.toml,108
D,v53e_0131,1,1,v53e_0131_span_001,pypa/pip,pyproject.toml,177
D,v53e_0132,1,1,v53e_0132_span_001,pypa/pip,pyproject.toml,252
D,v53e_0133,1,1,v53e_0133_span_001,pypa/pip,pyproject.toml,288
D,v53e_0134,1,1,v53e_0134_span_001,pypa/sampleproject,README.md,24
D,v53e_0135,1,1,v53e_0135_span_001,pypa/sampleproject,pyproject.toml,24
D,v53e_0136,1,1,v53e_0136_span_001,pypa/sampleproject,pyproject.toml,141
D,v53e_0137,1,1,v53e_0137_span_001,pytest-dev/pytest,pyproject.toml,420
D,v53e_0138,1,1,v53e_0138_span_001,pytest-dev/pytest,pyproject.toml,513
D,v53e_0139,1,1,v53e_0139_span_001,pytest-dev/pytest,tox.ini,21
D,v53e_0140,1,1,v53e_0140_span_001,python/cpython,Doc/README.rst,116
D,v53e_0141,1,1,v53e_0141_span_001,pypa/pip,pyproject.toml,83
D,v53e_0142,1,1,v53e_0142_span_001,pypa/pip,pyproject.toml,326
D,v53e_0143,1,1,v53e_0143_span_001,pypa/pip,pyproject.toml,83
D,v53e_0144,1,1,v53e_0144_span_001,pypa/pip,pyproject.toml,326
D,v53e_0145,1,1,v53e_0145_span_001,pypa/pip,pyproject.toml,83
D,v53e_0146,1,1,v53e_0146_span_001,pypa/pip,pyproject.toml,326
D,v53e_0147,1,1,v53e_0147_span_001,pypa/pip,pyproject.toml,83
D,v53e_0148,1,1,v53e_0148_span_001,pypa/pip,pyproject.toml,326
D,v53e_0149,1,1,v53e_0149_span_001,pypa/pip,pyproject.toml,83
D,v53e_0150,1,1,v53e_0150_span_001,pypa/pip,pyproject.toml,326
D,v53e_0151,1,1,v53e_0151_span_001,pypa/pip,pyproject.toml,83
D,v53e_0152,1,1,v53e_0152_span_001,pypa/pip,pyproject.toml,326
D,v53e_0153,1,1,v53e_0153_span_001,pypa/pip,pyproject.toml,83
D,v53e_0154,1,1,v53e_0154_span_001,pypa/pip,pyproject.toml,326
D,v53e_0155,1,1,v53e_0155_span_001,pypa/pip,pyproject.toml,83
D,v53e_0156,1,1,v53e_0156_span_001,pypa/pip,pyproject.toml,326
D,v53e_0157,1,1,v53e_0157_span_001,pypa/pip,pyproject.toml,83
D,v53e_0158,1,1,v53e_0158_span_001,pypa/pip,pyproject.toml,326
D,v53e_0159,1,1,v53e_0159_span_001,pypa/pip,pyproject.toml,83
D,v53e_0160,1,1,v53e_0160_span_001,pypa/pip,pyproject.toml,326
D,v53e_0161,1,1,v53e_0161_span_001,pypa/pip,pyproject.toml,83
D,v53e_0162,1,1,v53e_0162_span_001,pypa/pip,pyproject.toml,326
D,v53e_0163,1,1,v53e_0163_span_001,pypa/pip,pyproject.toml,83
D,v53e_0164,1,1,v53e_0164_span_001,pypa/pip,pyproject.toml,326
D,v53e_0165,1,1,v53e_0165_span_001,pypa/pip,pyproject.toml,83
D,v53e_0166,1,1,v53e_0166_span_001,pypa/pip,pyproject.toml,326
D,v53e_0167,1,1,v53e_0167_span_001,pypa/pip,pyproject.toml,83
D,v53e_0168,1,1,v53e_0168_span_001,pypa/pip,pyproject.toml,326
D,v53e_0169,1,1,v53e_0169_span_001,pypa/pip,pyproject.toml,83
D,v53e_0170,1,1,v53e_0170_span_001,pypa/pip,pyproject.toml,326
D,v53e_0171,1,1,v53e_0171_span_001,pypa/pip,pyproject.toml,83
D,v53e_0172,1,1,v53e_0172_span_001,pypa/pip,pyproject.toml,326
D,v53e_0173,1,1,v53e_0173_span_001,pypa/pip,pyproject.toml,83
D,v53e_0174,1,1,v53e_0174_span_001,pypa/pip,pyproject.toml,326
D,v53e_0175,1,1,v53e_0175_span_001,pypa/pip,pyproject.toml,83
D,v53e_0176,1,1,v53e_0176_span_001,pypa/pip,pyproject.toml,326
D,v53e_0177,1,1,v53e_0177_span_001,pypa/pip,pyproject.toml,83
D,v53e_0178,1,1,v53e_0178_span_001,pypa/pip,pyproject.toml,326
D,v53e_0179,1,1,v53e_0179_span_001,pypa/pip,pyproject.toml,83
D,v53e_0180,1,1,v53e_0180_span_001,pypa/pip,pyproject.toml,326
D,v53e_0181,1,1,v53e_0181_span_001,pypa/pip,pyproject.toml,83
D,v53e_0182,1,1,v53e_0182_span_001,pypa/pip,pyproject.toml,326
D,v53e_0183,1,1,v53e_0183_span_001,pypa/pip,pyproject.toml,83
D,v53e_0184,1,1,v53e_0184_span_001,pypa/pip,pyproject.toml,326
D,v53e_0185,1,1,v53e_0185_span_001,pypa/pip,pyproject.toml,83
D,v53e_0186,1,1,v53e_0186_span_001,pypa/pip,pyproject.toml,326
D,v53e_0187,1,1,v53e_0187_span_001,pypa/pip,pyproject.toml,83
D,v53e_0188,1,1,v53e_0188_span_001,pypa/pip,pyproject.toml,326
D,v53e_0189,1,1,v53e_0189_span_001,pypa/pip,pyproject.toml,83
D,v53e_0190,1,1,v53e_0190_span_001,pypa/pip,pyproject.toml,326
D,v53e_0191,1,1,v53e_0191_span_001,pypa/pip,pyproject.toml,83
D,v53e_0192,1,1,v53e_0192_span_001,pypa/pip,pyproject.toml,326
D,v53e_0193,1,1,v53e_0193_span_001,pypa/pip,pyproject.toml,83
D,v53e_0194,1,1,v53e_0194_span_001,pypa/pip,pyproject.toml,326
D,v53e_0195,1,1,v53e_0195_span_001,pypa/pip,pyproject.toml,83
D,v53e_0196,1,1,v53e_0196_span_001,pypa/pip,pyproject.toml,326
D,v53e_0197,1,1,v53e_0197_span_001,pypa/pip,pyproject.toml,83
D,v53e_0198,1,1,v53e_0198_span_001,pypa/pip,pyproject.toml,326
D,v53e_0199,1,1,v53e_0199_span_001,pypa/pip,pyproject.toml,83
D,v53e_0200,1,1,v53e_0200_span_001,pypa/pip,pyproject.toml,326
D,v53e_0201,1,1,v53e_0201_span_001,pypa/pip,pyproject.toml,83
D,v53e_0202,1,1,v53e_0202_span_001,pypa/pip,pyproject.toml,326
D,v53e_0203,1,1,v53e_0203_span_001,pypa/pip,pyproject.toml,83
D,v53e_0204,1,1,v53e_0204_span_001,pypa/pip,pyproject.toml,326
D,v53e_0205,1,1,v53e_0205_span_001,pypa/pip,pyproject.toml,83
D,v53e_0206,1,1,v53e_0206_span_001,pypa/pip,pyproject.toml,326
D,v53e_0207,1,1,v53e_0207_span_001,pypa/pip,pyproject.toml,83
D,v53e_0208,1,1,v53e_0208_span_001,pypa/pip,pyproject.toml,326
D,v53e_0209,1,1,v53e_0209_span_001,pypa/pip,pyproject.toml,83
D,v53e_0210,1,1,v53e_0210_span_001,pypa/pip,pyproject.toml,326
D,v53e_0211,1,1,v53e_0211_span_001,pypa/pip,pyproject.toml,83
D,v53e_0212,1,1,v53e_0212_span_001,pypa/pip,pyproject.toml,326
D,v53e_0213,1,1,v53e_0213_span_001,pypa/pip,pyproject.toml,83
D,v53e_0214,1,1,v53e_0214_span_001,pypa/pip,pyproject.toml,326
D,v53e_0215,1,1,v53e_0215_span_001,pypa/pip,pyproject.toml,83
D,v53e_0216,1,1,v53e_0216_span_001,pypa/pip,pyproject.toml,326
D,v53e_0217,1,1,v53e_0217_span_001,pypa/pip,pyproject.toml,83
D,v53e_0218,1,1,v53e_0218_span_001,pypa/pip,pyproject.toml,326
D,v53e_0219,1,1,v53e_0219_span_001,pypa/pip,pyproject.toml,83
D,v53e_0220,1,1,v53e_0220_span_001,pypa/pip,pyproject.toml,326
D,v53e_0221,1,1,v53e_0221_span_001,pypa/pip,pyproject.toml,83
D,v53e_0222,1,1,v53e_0222_span_001,pypa/pip,pyproject.toml,326
D,v53e_0223,1,1,v53e_0223_span_001,pypa/pip,pyproject.toml,83
D,v53e_0224,1,1,v53e_0224_span_001,pypa/pip,pyproject.toml,326
D,v53e_0225,1,1,v53e_0225_span_001,pypa/pip,pyproject.toml,83
D,v53e_0226,1,1,v53e_0226_span_001,pypa/pip,pyproject.toml,326
D,v53e_0227,1,1,v53e_0227_span_001,pypa/pip,pyproject.toml,83
D,v53e_0228,1,1,v53e_0228_span_001,pypa/pip,pyproject.toml,326
D,v53e_0229,1,1,v53e_0229_span_001,pypa/pip,pyproject.toml,83
D,v53e_0230,1,1,v53e_0230_span_001,pypa/pip,pyproject.toml,326
D,v53e_0231,1,1,v53e_0231_span_001,pypa/pip,pyproject.toml,83
D,v53e_0232,1,1,v53e_0232_span_001,pypa/pip,pyproject.toml,326
D,v53e_0233,1,1,v53e_0233_span_001,pypa/pip,pyproject.toml,83
D,v53e_0234,1,1,v53e_0234_span_001,pypa/pip,pyproject.toml,326
D,v53e_0235,1,1,v53e_0235_span_001,pypa/pip,pyproject.toml,83
D,v53e_0236,1,1,v53e_0236_span_001,pypa/pip,pyproject.toml,326
D,v53e_0237,1,1,v53e_0237_span_001,pypa/pip,pyproject.toml,83
D,v53e_0238,1,1,v53e_0238_span_001,pypa/pip,pyproject.toml,326
D,v53e_0239,1,1,v53e_0239_span_001,pypa/pip,pyproject.toml,83
D,v53e_0240,1,1,v53e_0240_span_001,pypa/pip,pyproject.toml,326
D,v53e_0241,1,1,v53e_0241_span_001,pypa/pip,pyproject.toml,83
D,v53e_0242,1,1,v53e_0242_span_001,pypa/pip,pyproject.toml,326
D,v53e_0243,1,1,v53e_0243_span_001,pypa/pip,pyproject.toml,83
D,v53e_0244,1,1,v53e_0244_span_001,pypa/pip,pyproject.toml,326
D,v53e_0245,1,1,v53e_0245_span_001,pypa/pip,pyproject.toml,83
D,v53e_0246,1,1,v53e_0246_span_001,pypa/pip,pyproject.toml,326
D,v53e_0247,1,1,v53e_0247_span_001,pypa/pip,pyproject.toml,83
D,v53e_0248,1,1,v53e_0248_span_001,pypa/pip,pyproject.toml,326
D,v53e_0249,1,1,v53e_0249_span_001,pypa/pip,pyproject.toml,83
D,v53e_0250,1,1,v53e_0250_span_001,pypa/pip,pyproject.toml,326
D,v53e_0251,1,1,v53e_0251_span_001,pypa/pip,pyproject.toml,83
D,v53e_0252,1,1,v53e_0252_span_001,pypa/pip,pyproject.toml,326
D,v53e_0253,1,1,v53e_0253_span_001,pypa/pip,pyproject.toml,83
D,v53e_0254,1,1,v53e_0254_span_001,pypa/pip,pyproject.toml,326
D,v53e_0255,1,1,v53e_0255_span_001,pypa/pip,pyproject.toml,83
D,v53e_0256,1,1,v53e_0256_span_001,pypa/pip,pyproject.toml,326
D,v53e_0257,1,1,v53e_0257_span_001,pypa/pip,pyproject.toml,83
D,v53e_0258,1,1,v53e_0258_span_001,pypa/pip,pyproject.toml,326
D,v53e_0259,1,1,v53e_0259_span_001,pypa/pip,pyproject.toml,83
D,v53e_0260,1,1,v53e_0260_span_001,pypa/pip,pyproject.toml,326
D,v53e_0261,1,1,v53e_0261_span_001,pypa/pip,pyproject.toml,83
D,v53e_0262,1,1,v53e_0262_span_001,pypa/pip,pyproject.toml,326
D,v53e_0263,1,1,v53e_0263_span_001,pypa/pip,pyproject.toml,83
D,v53e_0264,1,1,v53e_0264_span_001,pypa/pip,pyproject.toml,326
D,v53e_0265,1,1,v53e_0265_span_001,pypa/pip,pyproject.toml,83
D,v53e_0266,1,1,v53e_0266_span_001,pypa/pip,pyproject.toml,326
D,v53e_0267,1,1,v53e_0267_span_001,pypa/pip,pyproject.toml,83
D,v53e_0268,1,1,v53e_0268_span_001,pypa/pip,pyproject.toml,326
D,v53e_0269,1,1,v53e_0269_span_001,pypa/pip,pyproject.toml,83
D,v53e_0270,1,1,v53e_0270_span_001,pypa/pip,pyproject.toml,326
D,v53e_0271,1,1,v53e_0271_span_001,pypa/pip,pyproject.toml,83
D,v53e_0272,1,1,v53e_0272_span_001,pypa/pip,pyproject.toml,326
D,v53e_0273,1,1,v53e_0273_span_001,pypa/pip,pyproject.toml,83
D,v53e_0274,1,1,v53e_0274_span_001,pypa/pip,pyproject.toml,326
D,v53e_0275,1,1,v53e_0275_span_001,pypa/pip,pyproject.toml,83
D,v53e_0276,1,1,v53e_0276_span_001,pypa/pip,pyproject.toml,326
D,v53e_0277,1,1,v53e_0277_span_001,pypa/pip,pyproject.toml,83
D,v53e_0278,1,1,v53e_0278_span_001,pypa/pip,pyproject.toml,326
D,v53e_0279,1,1,v53e_0279_span_001,pypa/pip,pyproject.toml,83
D,v53e_0280,1,1,v53e_0280_span_001,pypa/pip,pyproject.toml,326
D,v53e_0281,1,1,v53e_0281_span_001,django/django,pyproject.toml,29
D,v53e_0282,1,1,v53e_0282_span_001,django/django,pyproject.toml,65
D,v53e_0283,1,1,v53e_0283_span_001,django/django,tox.ini,32
D,v53e_0284,1,1,v53e_0284_span_001,django/django,tox.ini,56
D,v53e_0285,1,1,v53e_0285_span_001,django/django,tox.ini,76
D,v53e_0286,1,1,v53e_0286_span_001,fastapi/fastapi,pyproject.toml,37
D,v53e_0287,1,1,v53e_0287_span_001,fastapi/fastapi,pyproject.toml,110
D,v53e_0288,1,1,v53e_0288_span_001,pallets/click,examples/aliases/pyproject.toml,2
D,v53e_0289,1,1,v53e_0289_span_001,pallets/click,examples/aliases/pyproject.toml,14
D,v53e_0290,1,1,v53e_0290_span_001,pallets/click,examples/colors/pyproject.toml,4
D,v53e_0291,1,1,v53e_0291_span_001,pallets/flask,examples/celery/pyproject.toml,2
D,v53e_0292,1,1,v53e_0292_span_001,pallets/flask,examples/celery/pyproject.toml,10
D,v53e_0293,1,1,v53e_0293_span_001,pallets/flask,examples/javascript/pyproject.toml,5
D,v53e_0294,1,1,v53e_0294_span_001,pallets/flask,examples/javascript/pyproject.toml,22
D,v53e_0295,1,1,v53e_0295_span_001,psf/requests,pyproject.toml,29
D,v53e_0296,1,1,v53e_0296_span_001,psf/requests,pyproject.toml,40
D,v53e_0297,1,1,v53e_0297_span_001,psf/requests,pyproject.toml,56
D,v53e_0298,1,1,v53e_0298_span_001,psf/requests,pyproject.toml,88
D,v53e_0299,1,1,v53e_0299_span_001,pypa/pip,pyproject.toml,29
D,v53e_0300,1,1,v53e_0300_span_001,pypa/pip,pyproject.toml,137
D,v53e_0301,1,1,v53e_0301_span_001,pypa/pip,pyproject.toml,362
D,v53e_0302,1,1,v53e_0302_span_001,pypa/sampleproject,pyproject.toml,43
D,v53e_0303,1,1,v53e_0303_span_001,pypa/sampleproject,pyproject.toml,61
D,v53e_0304,1,1,v53e_0304_span_001,pypa/sampleproject,pyproject.toml,84
D,v53e_0305,1,1,v53e_0305_span_001,pypa/sampleproject,pyproject.toml,105
D,v53e_0306,1,1,v53e_0306_span_001,pypa/sampleproject,pyproject.toml,122
D,v53e_0307,1,1,v53e_0307_span_001,pytest-dev/pytest,pyproject.toml,97
D,v53e_0308,1,1,v53e_0308_span_001,pytest-dev/pytest,pyproject.toml,176
D,v53e_0309,1,1,v53e_0309_span_001,pytest-dev/pytest,pyproject.toml,256
D,v53e_0310,1,1,v53e_0310_span_001,pytest-dev/pytest,pyproject.toml,328
D,v53e_0311,1,1,v53e_0311_span_001,pytest-dev/pytest,tox.ini,113
D,v53e_0312,1,1,v53e_0312_span_001,tiangolo/typer,pyproject.toml,22
D,v53e_0313,1,1,v53e_0313_span_001,tiangolo/typer,pyproject.toml,65
D,v53e_0314,1,1,v53e_0314_span_001,tiangolo/typer,pyproject.toml,133
D,v53e_0315,1,1,v53e_0315_span_001,django/django,pyproject.toml,29
D,v53e_0316,1,1,v53e_0316_span_001,django/django,pyproject.toml,65
D,v53e_0317,1,1,v53e_0317_span_001,django/django,tox.ini,32
D,v53e_0318,1,1,v53e_0318_span_001,django/django,tox.ini,56
D,v53e_0319,1,1,v53e_0319_span_001,django/django,tox.ini,76
D,v53e_0320,1,1,v53e_0320_span_001,fastapi/fastapi,pyproject.toml,37
D,v53e_0321,1,1,v53e_0321_span_001,fastapi/fastapi,pyproject.toml,110
D,v53e_0322,1,1,v53e_0322_span_001,pallets/click,examples/aliases/pyproject.toml,2
D,v53e_0323,1,1,v53e_0323_span_001,pallets/click,examples/aliases/pyproject.toml,14
D,v53e_0324,1,1,v53e_0324_span_001,pallets/click,examples/colors/pyproject.toml,4
D,v53e_0325,1,1,v53e_0325_span_001,pallets/flask,examples/celery/pyproject.toml,2
D,v53e_0326,1,1,v53e_0326_span_001,pallets/flask,examples/celery/pyproject.toml,10
D,v53e_0327,1,1,v53e_0327_span_001,pallets/flask,examples/javascript/pyproject.toml,5
D,v53e_0328,1,1,v53e_0328_span_001,pallets/flask,examples/javascript/pyproject.toml,22
D,v53e_0329,1,1,v53e_0329_span_001,psf/requests,pyproject.toml,29
D,v53e_0330,1,1,v53e_0330_span_001,psf/requests,pyproject.toml,40
D,v53e_0331,1,1,v53e_0331_span_001,psf/requests,pyproject.toml,56
D,v53e_0332,1,1,v53e_0332_span_001,psf/requests,pyproject.toml,88
D,v53e_0333,1,1,v53e_0333_span_001,pypa/pip,pyproject.toml,29
D,v53e_0334,1,1,v53e_0334_span_001,pypa/pip,pyproject.toml,137
D,v53e_0335,1,1,v53e_0335_span_001,pypa/pip,pyproject.toml,362
D,v53e_0336,1,1,v53e_0336_span_001,pypa/sampleproject,pyproject.toml,43
D,v53e_0337,1,1,v53e_0337_span_001,pypa/sampleproject,pyproject.toml,61
D,v53e_0338,1,1,v53e_0338_span_001,pypa/sampleproject,pyproject.toml,84
D,v53e_0339,1,1,v53e_0339_span_001,pypa/sampleproject,pyproject.toml,105
D,v53e_0340,1,1,v53e_0340_span_001,pypa/sampleproject,pyproject.toml,122
D,v53e_0341,1,1,v53e_0341_span_001,pytest-dev/pytest,pyproject.toml,97
D,v53e_0342,1,1,v53e_0342_span_001,pytest-dev/pytest,pyproject.toml,176
D,v53e_0343,1,1,v53e_0343_span_001,pytest-dev/pytest,pyproject.toml,256
D,v53e_0344,1,1,v53e_0344_span_001,pytest-dev/pytest,pyproject.toml,328
D,v53e_0345,1,1,v53e_0345_span_001,pytest-dev/pytest,tox.ini,113
D,v53e_0346,1,1,v53e_0346_span_001,tiangolo/typer,pyproject.toml,22
D,v53e_0347,1,1,v53e_0347_span_001,tiangolo/typer,pyproject.toml,65
D,v53e_0348,1,1,v53e_0348_span_001,tiangolo/typer,pyproject.toml,133
D,v53e_0349,1,1,v53e_0349_span_001,django/django,pyproject.toml,29
D,v53e_0350,1,1,v53e_0350_span_001,django/django,pyproject.toml,65
D,v53e_0351,1,1,v53e_0351_span_001,django/django,tox.ini,32
D,v53e_0352,1,1,v53e_0352_span_001,django/django,tox.ini,56
D,v53e_0353,1,1,v53e_0353_span_001,django/django,tox.ini,76
D,v53e_0354,1,1,v53e_0354_span_001,fastapi/fastapi,pyproject.toml,37
D,v53e_0355,1,1,v53e_0355_span_001,fastapi/fastapi,pyproject.toml,110
D,v53e_0356,1,1,v53e_0356_span_001,pallets/click,examples/aliases/pyproject.toml,2
D,v53e_0357,1,1,v53e_0357_span_001,pallets/click,examples/aliases/pyproject.toml,14
D,v53e_0358,1,1,v53e_0358_span_001,pallets/click,examples/colors/pyproject.toml,4
D,v53e_0359,1,1,v53e_0359_span_001,pallets/flask,examples/celery/pyproject.toml,2
D,v53e_0360,1,1,v53e_0360_span_001,pallets/flask,examples/celery/pyproject.toml,10
D,v53e_0361,1,1,v53e_0361_span_001,pallets/flask,examples/javascript/pyproject.toml,5
D,v53e_0362,1,1,v53e_0362_span_001,pallets/flask,examples/javascript/pyproject.toml,22
D,v53e_0363,1,1,v53e_0363_span_001,psf/requests,pyproject.toml,29
D,v53e_0364,1,1,v53e_0364_span_001,psf/requests,pyproject.toml,40
D,v53e_0365,1,1,v53e_0365_span_001,psf/requests,pyproject.toml,56
D,v53e_0366,1,1,v53e_0366_span_001,psf/requests,pyproject.toml,88
D,v53e_0367,1,1,v53e_0367_span_001,pypa/pip,pyproject.toml,29
D,v53e_0368,1,1,v53e_0368_span_001,pypa/pip,pyproject.toml,137
D,v53e_0369,1,1,v53e_0369_span_001,pypa/pip,pyproject.toml,362
D,v53e_0370,1,1,v53e_0370_span_001,pypa/sampleproject,pyproject.toml,43
D,v53e_0371,1,1,v53e_0371_span_001,pypa/sampleproject,pyproject.toml,61
D,v53e_0372,1,1,v53e_0372_span_001,pypa/sampleproject,pyproject.toml,84
D,v53e_0373,1,1,v53e_0373_span_001,pypa/sampleproject,pyproject.toml,105
D,v53e_0374,1,1,v53e_0374_span_001,pypa/sampleproject,pyproject.toml,122
D,v53e_0375,1,1,v53e_0375_span_001,pytest-dev/pytest,pyproject.toml,97
D,v53e_0376,1,1,v53e_0376_span_001,pytest-dev/pytest,pyproject.toml,176
D,v53e_0377,1,1,v53e_0377_span_001,pytest-dev/pytest,pyproject.toml,256
D,v53e_0378,1,1,v53e_0378_span_001,pytest-dev/pytest,pyproject.toml,328
D,v53e_0379,1,1,v53e_0379_span_001,pytest-dev/pytest,tox.ini,113
D,v53e_0380,1,1,v53e_0380_span_001,tiangolo/typer,pyproject.toml,22
D,v53e_0381,1,1,v53e_0381_span_001,tiangolo/typer,pyproject.toml,65
D,v53e_0382,1,1,v53e_0382_span_001,tiangolo/typer,pyproject.toml,133
D,v53e_0383,1,1,v53e_0383_span_001,django/django,pyproject.toml,29
D,v53e_0384,1,1,v53e_0384_span_001,django/django,pyproject.toml,65
D,v53e_0385,1,1,v53e_0385_span_001,django/django,tox.ini,32
D,v53e_0386,1,1,v53e_0386_span_001,django/django,tox.ini,56
D,v53e_0387,1,1,v53e_0387_span_001,django/django,tox.ini,76
D,v53e_0388,1,1,v53e_0388_span_001,fastapi/fastapi,pyproject.toml,37
D,v53e_0389,1,1,v53e_0389_span_001,fastapi/fastapi,pyproject.toml,110
D,v53e_0390,1,1,v53e_0390_span_001,pallets/click,examples/aliases/pyproject.toml,2
D,v53e_0391,1,1,v53e_0391_span_001,pallets/click,examples/aliases/pyproject.toml,14
D,v53e_0392,1,1,v53e_0392_span_001,pallets/click,examples/colors/pyproject.toml,4
D,v53e_0393,1,1,v53e_0393_span_001,pallets/flask,examples/celery/pyproject.toml,2
D,v53e_0394,1,1,v53e_0394_span_001,pallets/flask,examples/celery/pyproject.toml,10
D,v53e_0395,1,1,v53e_0395_span_001,pallets/flask,examples/javascript/pyproject.toml,5
D,v53e_0396,1,1,v53e_0396_span_001,pallets/flask,examples/javascript/pyproject.toml,22
D,v53e_0397,1,1,v53e_0397_span_001,psf/requests,pyproject.toml,29
D,v53e_0398,1,1,v53e_0398_span_001,psf/requests,pyproject.toml,40
D,v53e_0399,1,1,v53e_0399_span_001,psf/requests,pyproject.toml,56
D,v53e_0400,1,1,v53e_0400_span_001,psf/requests,pyproject.toml,88
D,v53e_0401,1,1,v53e_0401_span_001,pypa/pip,pyproject.toml,29
D,v53e_0402,1,1,v53e_0402_span_001,pypa/pip,pyproject.toml,137
D,v53e_0403,1,1,v53e_0403_span_001,pypa/pip,pyproject.toml,362
D,v53e_0404,1,1,v53e_0404_span_001,pypa/sampleproject,pyproject.toml,43
D,v53e_0405,1,1,v53e_0405_span_001,pypa/sampleproject,pyproject.toml,61
D,v53e_0406,1,1,v53e_0406_span_001,pypa/sampleproject,pyproject.toml,84
D,v53e_0407,1,1,v53e_0407_span_001,pypa/sampleproject,pyproject.toml,105
D,v53e_0408,1,1,v53e_0408_span_001,pypa/sampleproject,pyproject.toml,122
D,v53e_0409,1,1,v53e_0409_span_001,pytest-dev/pytest,pyproject.toml,97
D,v53e_0410,1,1,v53e_0410_span_001,pytest-dev/pytest,pyproject.toml,176
D,v53e_0411,1,1,v53e_0411_span_001,pytest-dev/pytest,pyproject.toml,256
D,v53e_0412,1,1,v53e_0412_span_001,pytest-dev/pytest,pyproject.toml,328
D,v53e_0413,1,1,v53e_0413_span_001,pytest-dev/pytest,tox.ini,113
D,v53e_0414,1,1,v53e_0414_span_001,tiangolo/typer,pyproject.toml,22
D,v53e_0415,1,1,v53e_0415_span_001,tiangolo/typer,pyproject.toml,65
D,v53e_0416,1,1,v53e_0416_span_001,tiangolo/typer,pyproject.toml,133
D,v53e_0417,1,1,v53e_0417_span_001,django/django,pyproject.toml,29
D,v53e_0418,1,1,v53e_0418_span_001,django/django,pyproject.toml,65
D,v53e_0419,1,1,v53e_0419_span_001,django/django,tox.ini,32
D,v53e_0420,1,1,v53e_0420_span_001,django/django,tox.ini,56
D,v53e_0421,1,1,v53e_0421_span_001,django/django,README.rst,5
D,v53e_0422,1,1,v53e_0422_span_001,fastapi/fastapi,README.md,74
D,v53e_0423,1,1,v53e_0423_span_001,fastapi/fastapi,README.md,516
D,v53e_0424,1,1,v53e_0424_span_001,psf/requests,README.md,3
D,v53e_0425,1,1,v53e_0425_span_001,psf/requests,README.md,60
D,v53e_0426,1,1,v53e_0426_span_001,django/django,README.rst,5
D,v53e_0427,1,1,v53e_0427_span_001,fastapi/fastapi,README.md,74
D,v53e_0428,1,1,v53e_0428_span_001,fastapi/fastapi,README.md,516
D,v53e_0429,1,1,v53e_0429_span_001,psf/requests,README.md,3
D,v53e_0430,1,1,v53e_0430_span_001,psf/requests,README.md,60
D,v53e_0431,1,1,v53e_0431_span_001,django/django,README.rst,5
D,v53e_0432,1,1,v53e_0432_span_001,fastapi/fastapi,README.md,74
D,v53e_0433,1,1,v53e_0433_span_001,fastapi/fastapi,README.md,516
D,v53e_0434,1,1,v53e_0434_span_001,psf/requests,README.md,3
D,v53e_0435,1,1,v53e_0435_span_001,psf/requests,README.md,60
D,v53e_0436,1,1,v53e_0436_span_001,django/django,README.rst,5
D,v53e_0437,1,1,v53e_0437_span_001,fastapi/fastapi,README.md,74
D,v53e_0438,1,1,v53e_0438_span_001,fastapi/fastapi,README.md,516
D,v53e_0439,1,1,v53e_0439_span_001,psf/requests,README.md,3
D,v53e_0440,1,1,v53e_0440_span_001,psf/requests,README.md,60
D,v53e_0441,1,1,v53e_0441_span_001,django/django,README.rst,5
D,v53e_0442,1,1,v53e_0442_span_001,fastapi/fastapi,README.md,74
D,v53e_0443,1,1,v53e_0443_span_001,fastapi/fastapi,README.md,516
D,v53e_0444,1,1,v53e_0444_span_001,psf/requests,README.md,3
D,v53e_0445,1,1,v53e_0445_span_001,psf/requests,README.md,60
D,v53e_0446,1,1,v53e_0446_span_001,django/django,README.rst,5
D,v53e_0447,1,1,v53e_0447_span_001,fastapi/fastapi,README.md,74
D,v53e_0448,1,1,v53e_0448_span_001,fastapi/fastapi,README.md,516
D,v53e_0449,1,1,v53e_0449_span_001,psf/requests,README.md,3
D,v53e_0450,1,1,v53e_0450_span_001,psf/requests,README.md,60
D,v53e_0451,1,1,v53e_0451_span_001,django/django,README.rst,5
D,v53e_0452,1,1,v53e_0452_span_001,fastapi/fastapi,README.md,74
D,v53e_0453,1,1,v53e_0453_span_001,fastapi/fastapi,README.md,516
D,v53e_0454,1,1,v53e_0454_span_001,psf/requests,README.md,3
D,v53e_0455,1,1,v53e_0455_span_001,psf/requests,README.md,60
D,v53e_0456,1,1,v53e_0456_span_001,django/django,README.rst,5
D,v53e_0457,1,1,v53e_0457_span_001,fastapi/fastapi,README.md,74
D,v53e_0458,1,1,v53e_0458_span_001,fastapi/fastapi,README.md,516
D,v53e_0459,1,1,v53e_0459_span_001,psf/requests,README.md,3
D,v53e_0460,1,1,v53e_0460_span_001,psf/requests,README.md,60
D,v53e_0461,1,1,v53e_0461_span_001,django/django,README.rst,5
D,v53e_0462,1,1,v53e_0462_span_001,fastapi/fastapi,README.md,74
D,v53e_0463,1,1,v53e_0463_span_001,fastapi/fastapi,README.md,516
D,v53e_0464,1,1,v53e_0464_span_001,psf/requests,README.md,3
D,v53e_0465,1,1,v53e_0465_span_001,psf/requests,README.md,60
D,v53e_0466,1,1,v53e_0466_span_001,django/django,README.rst,5
D,v53e_0467,1,1,v53e_0467_span_001,fastapi/fastapi,README.md,74
D,v53e_0468,1,1,v53e_0468_span_001,fastapi/fastapi,README.md,516
D,v53e_0469,1,1,v53e_0469_span_001,psf/requests,README.md,3
D,v53e_0470,1,1,v53e_0470_span_001,psf/requests,README.md,60
D,v53e_0471,1,1,v53e_0471_span_001,django/django,README.rst,5
D,v53e_0472,1,1,v53e_0472_span_001,fastapi/fastapi,README.md,74
D,v53e_0473,1,1,v53e_0473_span_001,fastapi/fastapi,README.md,516
D,v53e_0474,1,1,v53e_0474_span_001,psf/requests,README.md,3
D,v53e_0475,1,1,v53e_0475_span_001,psf/requests,README.md,60
D,v53e_0476,1,1,v53e_0476_span_001,django/django,README.rst,5
D,v53e_0477,1,1,v53e_0477_span_001,fastapi/fastapi,README.md,74
D,v53e_0478,1,1,v53e_0478_span_001,fastapi/fastapi,README.md,516
D,v53e_0479,1,1,v53e_0479_span_001,psf/requests,README.md,3
D,v53e_0480,1,1,v53e_0480_span_001,psf/requests,README.md,60
D,v53e_0481,1,1,v53e_0481_span_001,django/django,README.rst,5
D,v53e_0482,1,1,v53e_0482_span_001,fastapi/fastapi,README.md,74
D,v53e_0483,1,1,v53e_0483_span_001,fastapi/fastapi,README.md,516
D,v53e_0484,1,1,v53e_0484_span_001,psf/requests,README.md,3
D,v53e_0485,1,1,v53e_0485_span_001,psf/requests,README.md,60
D,v53e_0486,1,1,v53e_0486_span_001,django/django,README.rst,5
D,v53e_0487,1,1,v53e_0487_span_001,fastapi/fastapi,README.md,74
D,v53e_0488,1,1,v53e_0488_span_001,fastapi/fastapi,README.md,516
D,v53e_0489,1,1,v53e_0489_span_001,psf/requests,README.md,3
D,v53e_0490,1,1,v53e_0490_span_001,psf/requests,README.md,60
D,v53e_0491,1,1,v53e_0491_span_001,django/django,README.rst,5
D,v53e_0492,1,1,v53e_0492_span_001,fastapi/fastapi,README.md,74
D,v53e_0493,1,1,v53e_0493_span_001,fastapi/fastapi,README.md,516
D,v53e_0494,1,1,v53e_0494_span_001,psf/requests,README.md,3
D,v53e_0495,1,1,v53e_0495_span_001,psf/requests,README.md,60
D,v53e_0496,1,1,v53e_0496_span_001,django/django,README.rst,5
D,v53e_0497,1,1,v53e_0497_span_001,fastapi/fastapi,README.md,74
D,v53e_0498,1,1,v53e_0498_span_001,fastapi/fastapi,README.md,516
D,v53e_0499,1,1,v53e_0499_span_001,psf/requests,README.md,3
D,v53e_0500,1,1,v53e_0500_span_001,psf/requests,README.md,60
D,v53e_0501,1,1,v53e_0501_span_001,django/django,README.rst,5
D,v53e_0502,1,1,v53e_0502_span_001,fastapi/fastapi,README.md,74
D,v53e_0503,1,1,v53e_0503_span_001,fastapi/fastapi,README.md,516
D,v53e_0504,1,1,v53e_0504_span_001,psf/requests,README.md,3
D,v53e_0505,1,1,v53e_0505_span_001,psf/requests,README.md,60
D,v53e_0506,1,1,v53e_0506_span_001,django/django,README.rst,5
D,v53e_0507,1,1,v53e_0507_span_001,fastapi/fastapi,README.md,74
D,v53e_0508,1,1,v53e_0508_span_001,fastapi/fastapi,README.md,516
D,v53e_0509,1,1,v53e_0509_span_001,psf/requests,README.md,3
D,v53e_0510,1,1,v53e_0510_span_001,psf/requests,README.md,60
D,v53e_0511,1,1,v53e_0511_span_001,django/django,README.rst,5
D,v53e_0512,1,1,v53e_0512_span_001,fastapi/fastapi,README.md,74
D,v53e_0513,1,1,v53e_0513_span_001,fastapi/fastapi,README.md,516
D,v53e_0514,1,1,v53e_0514_span_001,psf/requests,README.md,3
D,v53e_0515,1,1,v53e_0515_span_001,psf/requests,README.md,60
D,v53e_0516,1,1,v53e_0516_span_001,django/django,README.rst,5
D,v53e_0517,1,1,v53e_0517_span_001,fastapi/fastapi,README.md,74
D,v53e_0518,1,1,v53e_0518_span_001,fastapi/fastapi,README.md,516
D,v53e_0519,1,1,v53e_0519_span_001,psf/requests,README.md,3
D,v53e_0520,1,1,v53e_0520_span_001,psf/requests,README.md,60
D,v53e_0521,1,1,v53e_0521_span_001,django/django,README.rst,5
D,v53e_0522,1,1,v53e_0522_span_001,fastapi/fastapi,README.md,74
D,v53e_0523,1,1,v53e_0523_span_001,fastapi/fastapi,README.md,516
D,v53e_0524,1,1,v53e_0524_span_001,psf/requests,README.md,3
D,v53e_0525,1,1,v53e_0525_span_001,psf/requests,README.md,60
D,v53e_0526,1,1,v53e_0526_span_001,django/django,README.rst,5
D,v53e_0527,1,1,v53e_0527_span_001,fastapi/fastapi,README.md,74
D,v53e_0528,1,1,v53e_0528_span_001,fastapi/fastapi,README.md,516
D,v53e_0529,1,1,v53e_0529_span_001,psf/requests,README.md,3
D,v53e_0530,1,1,v53e_0530_span_001,psf/requests,README.md,60
D,v53e_0531,1,1,v53e_0531_span_001,django/django,README.rst,5
D,v53e_0532,1,1,v53e_0532_span_001,fastapi/fastapi,README.md,74
D,v53e_0533,1,1,v53e_0533_span_001,fastapi/fastapi,README.md,516
D,v53e_0534,1,1,v53e_0534_span_001,psf/requests,README.md,3
D,v53e_0535,1,1,v53e_0535_span_001,psf/requests,README.md,60
D,v53e_0536,1,1,v53e_0536_span_001,django/django,README.rst,5
D,v53e_0537,1,1,v53e_0537_span_001,fastapi/fastapi,README.md,74
D,v53e_0538,1,1,v53e_0538_span_001,fastapi/fastapi,README.md,516
D,v53e_0539,1,1,v53e_0539_span_001,psf/requests,README.md,3
D,v53e_0540,1,1,v53e_0540_span_001,psf/requests,README.md,60
D,v53e_0541,1,1,v53e_0541_span_001,django/django,README.rst,5
D,v53e_0542,1,1,v53e_0542_span_001,fastapi/fastapi,README.md,74
D,v53e_0543,1,1,v53e_0543_span_001,fastapi/fastapi,README.md,516
D,v53e_0544,1,1,v53e_0544_span_001,psf/requests,README.md,3
D,v53e_0545,1,1,v53e_0545_span_001,psf/requests,README.md,60
D,v53e_0546,1,1,v53e_0546_span_001,django/django,README.rst,5
D,v53e_0547,1,1,v53e_0547_span_001,fastapi/fastapi,README.md,74
D,v53e_0548,1,1,v53e_0548_span_001,fastapi/fastapi,README.md,516
D,v53e_0549,1,1,v53e_0549_span_001,psf/requests,README.md,3
D,v53e_0550,1,1,v53e_0550_span_001,psf/requests,README.md,60
D,v53e_0551,1,1,v53e_0551_span_001,django/django,README.rst,5
D,v53e_0552,1,1,v53e_0552_span_001,fastapi/fastapi,README.md,74
D,v53e_0553,1,1,v53e_0553_span_001,fastapi/fastapi,README.md,516
D,v53e_0554,1,1,v53e_0554_span_001,psf/requests,README.md,3
D,v53e_0555,1,1,v53e_0555_span_001,psf/requests,README.md,60
D,v53e_0556,1,1,v53e_0556_span_001,django/django,README.rst,5
D,v53e_0557,1,1,v53e_0557_span_001,fastapi/fastapi,README.md,74
D,v53e_0558,1,1,v53e_0558_span_001,fastapi/fastapi,README.md,516
D,v53e_0559,1,1,v53e_0559_span_001,psf/requests,README.md,3
D,v53e_0560,1,1,v53e_0560_span_001,psf/requests,README.md,60
D,v53e_0561,1,1,v53e_0561_span_001,django/django,README.rst,5
D,v53e_0562,1,1,v53e_0562_span_001,fastapi/fastapi,README.md,74
D,v53e_0563,1,1,v53e_0563_span_001,fastapi/fastapi,README.md,516
D,v53e_0564,1,1,v53e_0564_span_001,psf/requests,README.md,3
D,v53e_0565,1,1,v53e_0565_span_001,psf/requests,README.md,60
D,v53e_0566,1,1,v53e_0566_span_001,django/django,README.rst,5
D,v53e_0567,1,1,v53e_0567_span_001,fastapi/fastapi,README.md,74
D,v53e_0568,1,1,v53e_0568_span_001,fastapi/fastapi,README.md,516
D,v53e_0569,1,1,v53e_0569_span_001,psf/requests,README.md,3
D,v53e_0570,1,1,v53e_0570_span_001,psf/requests,README.md,60
D,v53e_0571,1,1,v53e_0571_span_001,django/django,README.rst,5
D,v53e_0572,1,1,v53e_0572_span_001,fastapi/fastapi,README.md,74
D,v53e_0573,1,1,v53e_0573_span_001,fastapi/fastapi,README.md,516
D,v53e_0574,1,1,v53e_0574_span_001,psf/requests,README.md,3
D,v53e_0575,1,1,v53e_0575_span_001,psf/requests,README.md,60
D,v53e_0576,1,1,v53e_0576_span_001,django/django,README.rst,5
D,v53e_0577,1,1,v53e_0577_span_001,fastapi/fastapi,README.md,74
D,v53e_0578,1,1,v53e_0578_span_001,fastapi/fastapi,README.md,516
D,v53e_0579,1,1,v53e_0579_span_001,psf/requests,README.md,3
D,v53e_0580,1,1,v53e_0580_span_001,psf/requests,README.md,60
D,v53e_0581,1,1,v53e_0581_span_001,django/django,README.rst,22
D,v53e_0582,1,1,v53e_0582_span_001,fastapi/fastapi,README.md,1
D,v53e_0583,1,1,v53e_0583_span_001,fastapi/fastapi,README.md,206
D,v53e_0584,1,1,v53e_0584_span_001,fastapi/fastapi,README.md,309
D,v53e_0585,1,1,v53e_0585_span_001,fastapi/fastapi,README.md,405
D,v53e_0586,1,1,v53e_0586_span_001,pallets/click,README.md,1
D,v53e_0587,1,1,v53e_0587_span_001,pallets/click,README.md,14
D,v53e_0588,1,1,v53e_0588_span_001,pallets/click,README.md,27
D,v53e_0589,1,1,v53e_0589_span_001,pallets/click,README.md,31
D,v53e_0590,1,1,v53e_0590_span_001,pallets/click,README.md,49
D,v53e_0591,1,1,v53e_0591_span_001,pallets/click,README.md,58
D,v53e_0592,1,1,v53e_0592_span_001,pallets/flask,README.md,1
D,v53e_0593,1,1,v53e_0593_span_001,pallets/flask,README.md,9
D,v53e_0594,1,1,v53e_0594_span_001,pallets/flask,README.md,30
D,v53e_0595,1,1,v53e_0595_span_001,pallets/flask,README.md,45
D,v53e_0596,1,1,v53e_0596_span_001,psf/requests,README.md,23
D,v53e_0597,1,1,v53e_0597_span_001,psf/requests,README.md,46
D,v53e_0598,1,1,v53e_0598_span_001,pypa/pip,README.rst,54
D,v53e_0599,1,1,v53e_0599_span_001,pypa/sampleproject,README.md,3
D,v53e_0600,1,1,v53e_0600_span_001,pypa/sampleproject,README.md,39
D,v53e_0601,1,1,v53e_0601_span_001,pytest-dev/pytest,README.rst,1
D,v53e_0602,1,1,v53e_0602_span_001,pytest-dev/pytest,README.rst,139
D,v53e_0603,1,1,v53e_0603_span_001,python/cpython,Doc/README.rst,1
D,v53e_0604,1,1,v53e_0604_span_001,python/cpython,Doc/README.rst,17
D,v53e_0605,1,1,v53e_0605_span_001,python/cpython,Doc/README.rst,31
D,v53e_0606,1,1,v53e_0606_span_001,python/cpython,Doc/README.rst,57
D,v53e_0607,1,1,v53e_0607_span_001,python/cpython,Doc/README.rst,70
D,v53e_0608,1,1,v53e_0608_span_001,python/cpython,Doc/README.rst,86
D,v53e_0609,1,1,v53e_0609_span_001,python/cpython,Doc/README.rst,98
D,v53e_0610,1,1,v53e_0610_span_001,tiangolo/typer,README.md,1
D,v53e_0611,1,1,v53e_0611_span_001,tiangolo/typer,README.md,202
D,v53e_0612,1,1,v53e_0612_span_001,tiangolo/typer,README.md,265
D,v53e_0613,1,1,v53e_0613_span_001,tiangolo/typer,README.md,345
D,v53e_0614,1,1,v53e_0614_span_001,django/django,README.rst,22
D,v53e_0615,1,1,v53e_0615_span_001,fastapi/fastapi,README.md,1
D,v53e_0616,1,1,v53e_0616_span_001,fastapi/fastapi,README.md,206
D,v53e_0617,1,1,v53e_0617_span_001,fastapi/fastapi,README.md,309
D,v53e_0618,1,1,v53e_0618_span_001,fastapi/fastapi,README.md,405
D,v53e_0619,1,1,v53e_0619_span_001,pallets/click,README.md,1
D,v53e_0620,1,1,v53e_0620_span_001,pallets/click,README.md,14
D,v53e_0621,1,1,v53e_0621_span_001,pallets/click,README.md,27
D,v53e_0622,1,1,v53e_0622_span_001,pallets/click,README.md,31
D,v53e_0623,1,1,v53e_0623_span_001,pallets/click,README.md,49
D,v53e_0624,1,1,v53e_0624_span_001,pallets/click,README.md,58
D,v53e_0625,1,1,v53e_0625_span_001,pallets/flask,README.md,1
D,v53e_0626,1,1,v53e_0626_span_001,pallets/flask,README.md,9
D,v53e_0627,1,1,v53e_0627_span_001,pallets/flask,README.md,30
D,v53e_0628,1,1,v53e_0628_span_001,pallets/flask,README.md,45
D,v53e_0629,1,1,v53e_0629_span_001,psf/requests,README.md,23
D,v53e_0630,1,1,v53e_0630_span_001,psf/requests,README.md,46
D,v53e_0631,1,1,v53e_0631_span_001,pypa/pip,README.rst,54
D,v53e_0632,1,1,v53e_0632_span_001,pypa/sampleproject,README.md,3
D,v53e_0633,1,1,v53e_0633_span_001,pypa/sampleproject,README.md,39
D,v53e_0634,1,1,v53e_0634_span_001,pytest-dev/pytest,README.rst,1
D,v53e_0635,1,1,v53e_0635_span_001,pytest-dev/pytest,README.rst,139
D,v53e_0636,1,1,v53e_0636_span_001,python/cpython,Doc/README.rst,1
D,v53e_0637,1,1,v53e_0637_span_001,python/cpython,Doc/README.rst,17
D,v53e_0638,1,1,v53e_0638_span_001,python/cpython,Doc/README.rst,31
D,v53e_0639,1,1,v53e_0639_span_001,python/cpython,Doc/README.rst,57
D,v53e_0640,1,1,v53e_0640_span_001,python/cpython,Doc/README.rst,70
D,v53e_0641,1,1,v53e_0641_span_001,python/cpython,Doc/README.rst,86
D,v53e_0642,1,1,v53e_0642_span_001,python/cpython,Doc/README.rst,98
D,v53e_0643,1,1,v53e_0643_span_001,tiangolo/typer,README.md,1
D,v53e_0644,1,1,v53e_0644_span_001,tiangolo/typer,README.md,202
D,v53e_0645,1,1,v53e_0645_span_001,tiangolo/typer,README.md,265
D,v53e_0646,1,1,v53e_0646_span_001,tiangolo/typer,README.md,345
D,v53e_0647,1,1,v53e_0647_span_001,django/django,README.rst,22
D,v53e_0648,1,1,v53e_0648_span_001,fastapi/fastapi,README.md,1
D,v53e_0649,1,1,v53e_0649_span_001,fastapi/fastapi,README.md,206
D,v53e_0650,1,1,v53e_0650_span_001,fastapi/fastapi,README.md,309
D,v53e_0651,1,1,v53e_0651_span_001,fastapi/fastapi,README.md,405
D,v53e_0652,1,1,v53e_0652_span_001,pallets/click,README.md,1
D,v53e_0653,1,1,v53e_0653_span_001,pallets/click,README.md,14
D,v53e_0654,1,1,v53e_0654_span_001,pallets/click,README.md,27
D,v53e_0655,1,1,v53e_0655_span_001,pallets/click,README.md,31
D,v53e_0656,1,1,v53e_0656_span_001,pallets/click,README.md,49
D,v53e_0657,1,1,v53e_0657_span_001,pallets/click,README.md,58
D,v53e_0658,1,1,v53e_0658_span_001,pallets/flask,README.md,1
D,v53e_0659,1,1,v53e_0659_span_001,pallets/flask,README.md,9
D,v53e_0660,1,1,v53e_0660_span_001,pallets/flask,README.md,30
D,v53e_0661,1,1,v53e_0661_span_001,pallets/flask,README.md,45
D,v53e_0662,1,1,v53e_0662_span_001,psf/requests,README.md,23
D,v53e_0663,1,1,v53e_0663_span_001,psf/requests,README.md,46
D,v53e_0664,1,1,v53e_0664_span_001,pypa/pip,README.rst,54
D,v53e_0665,1,1,v53e_0665_span_001,pypa/sampleproject,README.md,3
D,v53e_0666,1,1,v53e_0666_span_001,pypa/sampleproject,README.md,39
D,v53e_0667,1,1,v53e_0667_span_001,pytest-dev/pytest,README.rst,1
D,v53e_0668,1,1,v53e_0668_span_001,pytest-dev/pytest,README.rst,139
D,v53e_0669,1,1,v53e_0669_span_001,python/cpython,Doc/README.rst,1
D,v53e_0670,1,1,v53e_0670_span_001,python/cpython,Doc/README.rst,17
D,v53e_0671,1,1,v53e_0671_span_001,python/cpython,Doc/README.rst,31
D,v53e_0672,1,1,v53e_0672_span_001,python/cpython,Doc/README.rst,57
D,v53e_0673,1,1,v53e_0673_span_001,python/cpython,Doc/README.rst,70
D,v53e_0674,1,1,v53e_0674_span_001,python/cpython,Doc/README.rst,86
D,v53e_0675,1,1,v53e_0675_span_001,python/cpython,Doc/README.rst,98
D,v53e_0676,1,1,v53e_0676_span_001,tiangolo/typer,README.md,1
D,v53e_0677,1,1,v53e_0677_span_001,tiangolo/typer,README.md,202
D,v53e_0678,1,1,v53e_0678_span_001,tiangolo/typer,README.md,265
D,v53e_0679,1,1,v53e_0679_span_001,tiangolo/typer,README.md,345
D,v53e_0680,1,1,v53e_0680_span_001,django/django,README.rst,22
D,v53e_0681,1,1,v53e_0681_span_001,fastapi/fastapi,README.md,1
D,v53e_0682,1,1,v53e_0682_span_001,fastapi/fastapi,README.md,206
D,v53e_0683,1,1,v53e_0683_span_001,fastapi/fastapi,README.md,309
D,v53e_0684,1,1,v53e_0684_span_001,fastapi/fastapi,README.md,405
D,v53e_0685,1,1,v53e_0685_span_001,pallets/click,README.md,1
D,v53e_0686,1,1,v53e_0686_span_001,pallets/click,README.md,14
D,v53e_0687,1,1,v53e_0687_span_001,pallets/click,README.md,27
D,v53e_0688,1,1,v53e_0688_span_001,pallets/click,README.md,31
D,v53e_0689,1,1,v53e_0689_span_001,pallets/click,README.md,49
D,v53e_0690,1,1,v53e_0690_span_001,pallets/click,README.md,58
D,v53e_0691,1,1,v53e_0691_span_001,pallets/flask,README.md,1
D,v53e_0692,1,1,v53e_0692_span_001,pallets/flask,README.md,9
D,v53e_0693,1,1,v53e_0693_span_001,pallets/flask,README.md,30
D,v53e_0694,1,1,v53e_0694_span_001,pallets/flask,README.md,45
D,v53e_0695,1,1,v53e_0695_span_001,psf/requests,README.md,23
D,v53e_0696,1,1,v53e_0696_span_001,psf/requests,README.md,46
D,v53e_0697,1,1,v53e_0697_span_001,pypa/pip,README.rst,54
D,v53e_0698,1,1,v53e_0698_span_001,pypa/sampleproject,README.md,3
D,v53e_0699,1,1,v53e_0699_span_001,pypa/sampleproject,README.md,39
D,v53e_0700,1,1,v53e_0700_span_001,pytest-dev/pytest,README.rst,1
D,v53e_0701,1,1,v53e_0701_span_001,pytest-dev/pytest,README.rst,139
D,v53e_0702,1,1,v53e_0702_span_001,python/cpython,Doc/README.rst,1
D,v53e_0703,1,1,v53e_0703_span_001,python/cpython,Doc/README.rst,17
D,v53e_0704,1,1,v53e_0704_span_001,python/cpython,Doc/README.rst,31
D,v53e_0705,1,1,v53e_0705_span_001,python/cpython,Doc/README.rst,57
D,v53e_0706,1,1,v53e_0706_span_001,python/cpython,Doc/README.rst,70
D,v53e_0707,1,1,v53e_0707_span_001,python/cpython,Doc/README.rst,86
D,v53e_0708,1,1,v53e_0708_span_001,python/cpython,Doc/README.rst,98
D,v53e_0709,1,1,v53e_0709_span_001,tiangolo/typer,README.md,1
D,v53e_0710,1,1,v53e_0710_span_001,tiangolo/typer,README.md,202
D,v53e_0711,1,1,v53e_0711_span_001,tiangolo/typer,README.md,265
D,v53e_0712,1,1,v53e_0712_span_001,tiangolo/typer,README.md,345
D,v53e_0713,1,1,v53e_0713_span_001,django/django,README.rst,22
D,v53e_0714,1,1,v53e_0714_span_001,fastapi/fastapi,README.md,1
D,v53e_0715,1,1,v53e_0715_span_001,fastapi/fastapi,README.md,206
D,v53e_0716,1,1,v53e_0716_span_001,fastapi/fastapi,README.md,309
D,v53e_0717,1,1,v53e_0717_span_001,fastapi/fastapi,README.md,405
D,v53e_0718,1,1,v53e_0718_span_001,pallets/click,README.md,1
D,v53e_0719,1,1,v53e_0719_span_001,pallets/click,README.md,14
D,v53e_0720,1,1,v53e_0720_span_001,pallets/click,README.md,27
D,v53e_0721,1,1,v53e_0721_span_001,pallets/click,README.md,31
D,v53e_0722,1,1,v53e_0722_span_001,pallets/click,README.md,49
D,v53e_0723,1,1,v53e_0723_span_001,pallets/click,README.md,58
D,v53e_0724,1,1,v53e_0724_span_001,pallets/flask,README.md,1
D,v53e_0725,1,1,v53e_0725_span_001,pallets/flask,README.md,9
D,v53e_0726,1,1,v53e_0726_span_001,pallets/flask,README.md,30
D,v53e_0727,1,1,v53e_0727_span_001,pallets/flask,README.md,45
D,v53e_0728,1,1,v53e_0728_span_001,psf/requests,README.md,23
D,v53e_0729,1,1,v53e_0729_span_001,psf/requests,README.md,46
D,v53e_0730,1,1,v53e_0730_span_001,pypa/pip,README.rst,54
D,v53e_0731,1,1,v53e_0731_span_001,pypa/sampleproject,README.md,3
D,v53e_0732,1,1,v53e_0732_span_001,pypa/sampleproject,README.md,39
D,v53e_0733,1,1,v53e_0733_span_001,pytest-dev/pytest,README.rst,1
D,v53e_0734,1,1,v53e_0734_span_001,pytest-dev/pytest,README.rst,139
D,v53e_0735,1,1,v53e_0735_span_001,python/cpython,Doc/README.rst,1
D,v53e_0736,1,1,v53e_0736_span_001,python/cpython,Doc/README.rst,17
D,v53e_0737,1,1,v53e_0737_span_001,python/cpython,Doc/README.rst,31
D,v53e_0738,1,1,v53e_0738_span_001,python/cpython,Doc/README.rst,57
D,v53e_0739,1,1,v53e_0739_span_001,python/cpython,Doc/README.rst,70
D,v53e_0740,1,1,v53e_0740_span_001,python/cpython,Doc/README.rst,86
D,v53e_0741,1,1,v53e_0741_span_001,pypa/pip,README.rst,1
D,v53e_0742,1,1,v53e_0742_span_001,python/cpython,Doc/README.rst,44
D,v53e_0743,1,1,v53e_0743_span_001,pypa/pip,README.rst,1
D,v53e_0744,1,1,v53e_0744_span_001,python/cpython,Doc/README.rst,44
D,v53e_0745,1,1,v53e_0745_span_001,pypa/pip,README.rst,1
D,v53e_0746,1,1,v53e_0746_span_001,python/cpython,Doc/README.rst,44
D,v53e_0747,1,1,v53e_0747_span_001,pypa/pip,README.rst,1
D,v53e_0748,1,1,v53e_0748_span_001,python/cpython,Doc/README.rst,44
D,v53e_0749,1,1,v53e_0749_span_001,pypa/pip,README.rst,1
D,v53e_0750,1,1,v53e_0750_span_001,python/cpython,Doc/README.rst,44
D,v53e_0751,1,1,v53e_0751_span_001,pypa/pip,README.rst,1
D,v53e_0752,1,1,v53e_0752_span_001,python/cpython,Doc/README.rst,44
D,v53e_0753,1,1,v53e_0753_span_001,pypa/pip,README.rst,1
D,v53e_0754,1,1,v53e_0754_span_001,python/cpython,Doc/README.rst,44
D,v53e_0755,1,1,v53e_0755_span_001,pypa/pip,README.rst,1
D,v53e_0756,1,1,v53e_0756_span_001,python/cpython,Doc/README.rst,44
D,v53e_0757,1,1,v53e_0757_span_001,pypa/pip,README.rst,1
D,v53e_0758,1,1,v53e_0758_span_001,python/cpython,Doc/README.rst,44
D,v53e_0759,1,1,v53e_0759_span_001,pypa/pip,README.rst,1
D,v53e_0760,1,1,v53e_0760_span_001,python/cpython,Doc/README.rst,44
D,v53e_0761,1,1,v53e_0761_span_001,pypa/pip,README.rst,1
D,v53e_0762,1,1,v53e_0762_span_001,python/cpython,Doc/README.rst,44
D,v53e_0763,1,1,v53e_0763_span_001,pypa/pip,README.rst,1
D,v53e_0764,1,1,v53e_0764_span_001,python/cpython,Doc/README.rst,44
D,v53e_0765,1,1,v53e_0765_span_001,pypa/pip,README.rst,1
D,v53e_0766,1,1,v53e_0766_span_001,python/cpython,Doc/README.rst,44
D,v53e_0767,1,1,v53e_0767_span_001,pypa/pip,README.rst,1
D,v53e_0768,1,1,v53e_0768_span_001,python/cpython,Doc/README.rst,44
D,v53e_0769,1,1,v53e_0769_span_001,pypa/pip,README.rst,1
D,v53e_0770,1,1,v53e_0770_span_001,python/cpython,Doc/README.rst,44
D,v53e_0771,1,1,v53e_0771_span_001,pypa/pip,README.rst,1
D,v53e_0772,1,1,v53e_0772_span_001,python/cpython,Doc/README.rst,44
D,v53e_0773,1,1,v53e_0773_span_001,pypa/pip,README.rst,1
D,v53e_0774,1,1,v53e_0774_span_001,python/cpython,Doc/README.rst,44
D,v53e_0775,1,1,v53e_0775_span_001,pypa/pip,README.rst,1
D,v53e_0776,1,1,v53e_0776_span_001,python/cpython,Doc/README.rst,44
D,v53e_0777,1,1,v53e_0777_span_001,pypa/pip,README.rst,1
D,v53e_0778,1,1,v53e_0778_span_001,python/cpython,Doc/README.rst,44
D,v53e_0779,1,1,v53e_0779_span_001,pypa/pip,README.rst,1
D,v53e_0780,1,1,v53e_0780_span_001,python/cpython,Doc/README.rst,44
D,v53e_0781,1,1,v53e_0781_span_001,pypa/pip,README.rst,1
D,v53e_0782,1,1,v53e_0782_span_001,python/cpython,Doc/README.rst,44
D,v53e_0783,1,1,v53e_0783_span_001,pypa/pip,README.rst,1
D,v53e_0784,1,1,v53e_0784_span_001,python/cpython,Doc/README.rst,44
D,v53e_0785,1,1,v53e_0785_span_001,pypa/pip,README.rst,1
D,v53e_0786,1,1,v53e_0786_span_001,python/cpython,Doc/README.rst,44
D,v53e_0787,1,1,v53e_0787_span_001,pypa/pip,README.rst,1
D,v53e_0788,1,1,v53e_0788_span_001,python/cpython,Doc/README.rst,44
D,v53e_0789,1,1,v53e_0789_span_001,pypa/pip,README.rst,1
D,v53e_0790,1,1,v53e_0790_span_001,python/cpython,Doc/README.rst,44
D,v53e_0791,1,1,v53e_0791_span_001,pypa/pip,README.rst,1
D,v53e_0792,1,1,v53e_0792_span_001,python/cpython,Doc/README.rst,44
D,v53e_0793,1,1,v53e_0793_span_001,pypa/pip,README.rst,1
D,v53e_0794,1,1,v53e_0794_span_001,python/cpython,Doc/README.rst,44
D,v53e_0795,1,1,v53e_0795_span_001,pypa/pip,README.rst,1
D,v53e_0796,1,1,v53e_0796_span_001,python/cpython,Doc/README.rst,44
D,v53e_0797,1,1,v53e_0797_span_001,pypa/pip,README.rst,1
D,v53e_0798,1,1,v53e_0798_span_001,python/cpython,Doc/README.rst,44
D,v53e_0799,1,1,v53e_0799_span_001,pypa/pip,README.rst,1
D,v53e_0800,1,1,v53e_0800_span_001,python/cpython,Doc/README.rst,44
D,v53e_0801,1,1,v53e_0801_span_001,pypa/pip,README.rst,1
D,v53e_0802,1,1,v53e_0802_span_001,python/cpython,Doc/README.rst,44
D,v53e_0803,1,1,v53e_0803_span_001,pypa/pip,README.rst,1
D,v53e_0804,1,1,v53e_0804_span_001,python/cpython,Doc/README.rst,44
D,v53e_0805,1,1,v53e_0805_span_001,pypa/pip,README.rst,1
D,v53e_0806,1,1,v53e_0806_span_001,python/cpython,Doc/README.rst,44
D,v53e_0807,1,1,v53e_0807_span_001,pypa/pip,README.rst,1
D,v53e_0808,1,1,v53e_0808_span_001,python/cpython,Doc/README.rst,44
D,v53e_0809,1,1,v53e_0809_span_001,pypa/pip,README.rst,1
D,v53e_0810,1,1,v53e_0810_span_001,python/cpython,Doc/README.rst,44
D,v53e_0811,1,1,v53e_0811_span_001,pypa/pip,README.rst,1
D,v53e_0812,1,1,v53e_0812_span_001,python/cpython,Doc/README.rst,44
D,v53e_0813,1,1,v53e_0813_span_001,pypa/pip,README.rst,1
D,v53e_0814,1,1,v53e_0814_span_001,python/cpython,Doc/README.rst,44
D,v53e_0815,1,1,v53e_0815_span_001,pypa/pip,README.rst,1
D,v53e_0816,1,1,v53e_0816_span_001,python/cpython,Doc/README.rst,44
D,v53e_0817,1,1,v53e_0817_span_001,pypa/pip,README.rst,1
D,v53e_0818,1,1,v53e_0818_span_001,python/cpython,Doc/README.rst,44
D,v53e_0819,1,1,v53e_0819_span_001,pypa/pip,README.rst,1
D,v53e_0820,1,1,v53e_0820_span_001,python/cpython,Doc/README.rst,44
D,v53e_0821,1,1,v53e_0821_span_001,pypa/pip,README.rst,1
D,v53e_0822,1,1,v53e_0822_span_001,python/cpython,Doc/README.rst,44
D,v53e_0823,1,1,v53e_0823_span_001,pypa/pip,README.rst,1
D,v53e_0824,1,1,v53e_0824_span_001,python/cpython,Doc/README.rst,44
D,v53e_0825,1,1,v53e_0825_span_001,pypa/pip,README.rst,1
D,v53e_0826,1,1,v53e_0826_span_001,python/cpython,Doc/README.rst,44
D,v53e_0827,1,1,v53e_0827_span_001,pypa/pip,README.rst,1
D,v53e_0828,1,1,v53e_0828_span_001,python/cpython,Doc/README.rst,44
D,v53e_0829,1,1,v53e_0829_span_001,pypa/pip,README.rst,1
D,v53e_0830,1,1,v53e_0830_span_001,python/cpython,Doc/README.rst,44
D,v53e_0831,1,1,v53e_0831_span_001,pypa/pip,README.rst,1
D,v53e_0832,1,1,v53e_0832_span_001,python/cpython,Doc/README.rst,44
D,v53e_0833,1,1,v53e_0833_span_001,pypa/pip,README.rst,1
D,v53e_0834,1,1,v53e_0834_span_001,python/cpython,Doc/README.rst,44
D,v53e_0835,1,1,v53e_0835_span_001,pypa/pip,README.rst,1
D,v53e_0836,1,1,v53e_0836_span_001,python/cpython,Doc/README.rst,44
D,v53e_0837,1,1,v53e_0837_span_001,pypa/pip,README.rst,1
D,v53e_0838,1,1,v53e_0838_span_001,python/cpython,Doc/README.rst,44
D,v53e_0839,1,1,v53e_0839_span_001,pypa/pip,README.rst,1
D,v53e_0840,1,1,v53e_0840_span_001,python/cpython,Doc/README.rst,44
D,v53e_0841,1,1,v53e_0841_span_001,django/django,README.rst,5
D,v53e_0842,1,1,v53e_0842_span_001,django/django,README.rst,22
D,v53e_0843,1,1,v53e_0843_span_001,django/django,README.rst,44
D,v53e_0844,1,1,v53e_0844_span_001,django/django,pyproject.toml,15
D,v53e_0845,1,1,v53e_0845_span_001,django/django,pyproject.toml,29
D,v53e_0846,1,1,v53e_0846_span_001,django/django,pyproject.toml,45
D,v53e_0847,1,1,v53e_0847_span_001,django/django,pyproject.toml,65
D,v53e_0848,1,1,v53e_0848_span_001,django/django,tox.ini,32
D,v53e_0849,1,1,v53e_0849_span_001,django/django,tox.ini,56
D,v53e_0850,1,1,v53e_0850_span_001,django/django,tox.ini,76
D,v53e_0851,1,1,v53e_0851_span_001,fastapi/fastapi,README.md,1
D,v53e_0852,1,1,v53e_0852_span_001,fastapi/fastapi,README.md,74
D,v53e_0853,1,1,v53e_0853_span_001,fastapi/fastapi,README.md,206
D,v53e_0854,1,1,v53e_0854_span_001,fastapi/fastapi,README.md,309
D,v53e_0855,1,1,v53e_0855_span_001,fastapi/fastapi,README.md,405
D,v53e_0856,1,1,v53e_0856_span_001,fastapi/fastapi,README.md,516
D,v53e_0857,1,1,v53e_0857_span_001,fastapi/fastapi,pyproject.toml,37
D,v53e_0858,1,1,v53e_0858_span_001,fastapi/fastapi,pyproject.toml,110
D,v53e_0859,1,1,v53e_0859_span_001,fastapi/fastapi,pyproject.toml,180
D,v53e_0860,1,1,v53e_0860_span_001,fastapi/fastapi,pyproject.toml,261
D,v53e_0861,1,1,v53e_0861_span_001,pallets/click,README.md,1
D,v53e_0862,1,1,v53e_0862_span_001,pallets/click,README.md,8
D,v53e_0863,1,1,v53e_0863_span_001,pallets/click,README.md,14
D,v53e_0864,1,1,v53e_0864_span_001,pallets/click,README.md,27
D,v53e_0865,1,1,v53e_0865_span_001,pallets/click,README.md,31
D,v53e_0866,1,1,v53e_0866_span_001,pallets/click,README.md,49
D,v53e_0867,1,1,v53e_0867_span_001,pallets/click,README.md,58
D,v53e_0868,1,1,v53e_0868_span_001,pallets/click,examples/aliases/pyproject.toml,2
D,v53e_0869,1,1,v53e_0869_span_001,pallets/click,examples/aliases/pyproject.toml,14
D,v53e_0870,1,1,v53e_0870_span_001,pallets/click,examples/colors/pyproject.toml,4
D,v53e_0871,1,1,v53e_0871_span_001,pallets/flask,README.md,1
D,v53e_0872,1,1,v53e_0872_span_001,pallets/flask,README.md,9
D,v53e_0873,1,1,v53e_0873_span_001,pallets/flask,README.md,16
D,v53e_0874,1,1,v53e_0874_span_001,pallets/flask,README.md,30
D,v53e_0875,1,1,v53e_0875_span_001,pallets/flask,README.md,45
D,v53e_0876,1,1,v53e_0876_span_001,pallets/flask,examples/celery/pyproject.toml,2
D,v53e_0877,1,1,v53e_0877_span_001,pallets/flask,examples/celery/pyproject.toml,10
D,v53e_0878,1,1,v53e_0878_span_001,pallets/flask,examples/javascript/pyproject.toml,5
D,v53e_0879,1,1,v53e_0879_span_001,pallets/flask,examples/javascript/pyproject.toml,12
D,v53e_0880,1,1,v53e_0880_span_001,pallets/flask,examples/javascript/pyproject.toml,22
D,v53e_0881,1,1,v53e_0881_span_001,psf/requests,README.md,3
D,v53e_0882,1,1,v53e_0882_span_001,psf/requests,README.md,23
D,v53e_0883,1,1,v53e_0883_span_001,psf/requests,README.md,46
D,v53e_0884,1,1,v53e_0884_span_001,psf/requests,README.md,60
D,v53e_0885,1,1,v53e_0885_span_001,psf/requests,pyproject.toml,9
D,v53e_0886,1,1,v53e_0886_span_001,psf/requests,pyproject.toml,29
D,v53e_0887,1,1,v53e_0887_span_001,psf/requests,pyproject.toml,40
D,v53e_0888,1,1,v53e_0888_span_001,psf/requests,pyproject.toml,56
D,v53e_0889,1,1,v53e_0889_span_001,psf/requests,pyproject.toml,88
D,v53e_0890,1,1,v53e_0890_span_001,psf/requests,pyproject.toml,108
D,v53e_0891,1,1,v53e_0891_span_001,pypa/pip,README.rst,1
D,v53e_0892,1,1,v53e_0892_span_001,pypa/pip,README.rst,54
D,v53e_0893,1,1,v53e_0893_span_001,pypa/pip,pyproject.toml,29
D,v53e_0894,1,1,v53e_0894_span_001,pypa/pip,pyproject.toml,83
D,v53e_0895,1,1,v53e_0895_span_001,pypa/pip,pyproject.toml,137
D,v53e_0896,1,1,v53e_0896_span_001,pypa/pip,pyproject.toml,177
D,v53e_0897,1,1,v53e_0897_span_001,pypa/pip,pyproject.toml,252
D,v53e_0898,1,1,v53e_0898_span_001,pypa/pip,pyproject.toml,288
D,v53e_0899,1,1,v53e_0899_span_001,pypa/pip,pyproject.toml,326
D,v53e_0900,1,1,v53e_0900_span_001,pypa/pip,pyproject.toml,362
D,v53e_0901,1,1,v53e_0901_span_001,pypa/sampleproject,README.md,3
D,v53e_0902,1,1,v53e_0902_span_001,pypa/sampleproject,README.md,24
D,v53e_0903,1,1,v53e_0903_span_001,pypa/sampleproject,README.md,39
D,v53e_0904,1,1,v53e_0904_span_001,pypa/sampleproject,pyproject.toml,24
D,v53e_0905,1,1,v53e_0905_span_001,pypa/sampleproject,pyproject.toml,43
D,v53e_0906,1,1,v53e_0906_span_001,pypa/sampleproject,pyproject.toml,61
D,v53e_0907,1,1,v53e_0907_span_001,pypa/sampleproject,pyproject.toml,84
D,v53e_0908,1,1,v53e_0908_span_001,pypa/sampleproject,pyproject.toml,105
D,v53e_0909,1,1,v53e_0909_span_001,pypa/sampleproject,pyproject.toml,122
D,v53e_0910,1,1,v53e_0910_span_001,pypa/sampleproject,pyproject.toml,141
D,v53e_0911,1,1,v53e_0911_span_001,pytest-dev/pytest,README.rst,1
D,v53e_0912,1,1,v53e_0912_span_001,pytest-dev/pytest,README.rst,139
D,v53e_0913,1,1,v53e_0913_span_001,pytest-dev/pytest,pyproject.toml,97
D,v53e_0914,1,1,v53e_0914_span_001,pytest-dev/pytest,pyproject.toml,176
D,v53e_0915,1,1,v53e_0915_span_001,pytest-dev/pytest,pyproject.toml,256
D,v53e_0916,1,1,v53e_0916_span_001,pytest-dev/pytest,pyproject.toml,328
D,v53e_0917,1,1,v53e_0917_span_001,pytest-dev/pytest,pyproject.toml,420
D,v53e_0918,1,1,v53e_0918_span_001,pytest-dev/pytest,pyproject.toml,513
D,v53e_0919,1,1,v53e_0919_span_001,pytest-dev/pytest,tox.ini,21
D,v53e_0920,1,1,v53e_0920_span_001,pytest-dev/pytest,tox.ini,113
D,v53e_0921,1,1,v53e_0921_span_001,python/cpython,Doc/README.rst,1
D,v53e_0922,1,1,v53e_0922_span_001,python/cpython,Doc/README.rst,17
D,v53e_0923,1,1,v53e_0923_span_001,python/cpython,Doc/README.rst,31
D,v53e_0924,1,1,v53e_0924_span_001,python/cpython,Doc/README.rst,44
D,v53e_0925,1,1,v53e_0925_span_001,python/cpython,Doc/README.rst,57
D,v53e_0926,1,1,v53e_0926_span_001,python/cpython,Doc/README.rst,70
D,v53e_0927,1,1,v53e_0927_span_001,python/cpython,Doc/README.rst,86
D,v53e_0928,1,1,v53e_0928_span_001,python/cpython,Doc/README.rst,98
D,v53e_0929,1,1,v53e_0929_span_001,python/cpython,Doc/README.rst,116
D,v53e_0930,1,1,v53e_0930_span_001,python/cpython,Doc/README.rst,132
D,v53e_0931,1,1,v53e_0931_span_001,tiangolo/typer,README.md,1
D,v53e_0932,1,1,v53e_0932_span_001,tiangolo/typer,README.md,68
D,v53e_0933,1,1,v53e_0933_span_001,tiangolo/typer,README.md,136
D,v53e_0934,1,1,v53e_0934_span_001,tiangolo/typer,README.md,202
D,v53e_0935,1,1,v53e_0935_span_001,tiangolo/typer,README.md,265
D,v53e_0936,1,1,v53e_0936_span_001,tiangolo/typer,README.md,345
D,v53e_0937,1,1,v53e_0937_span_001,tiangolo/typer,pyproject.toml,22
D,v53e_0938,1,1,v53e_0938_span_001,tiangolo/typer,pyproject.toml,65
D,v53e_0939,1,1,v53e_0939_span_001,tiangolo/typer,pyproject.toml,133
D,v53e_0940,1,1,v53e_0940_span_001,tiangolo/typer,pyproject.toml,180
D,v53e_0941,1,1,v53e_0941_span_001,django/django,README.rst,5
D,v53e_0942,1,1,v53e_0942_span_001,django/django,README.rst,22
D,v53e_0943,1,1,v53e_0943_span_001,django/django,README.rst,44
D,v53e_0944,1,1,v53e_0944_span_001,django/django,pyproject.toml,15
D,v53e_0945,1,1,v53e_0945_span_001,django/django,pyproject.toml,29
D,v53e_0946,1,1,v53e_0946_span_001,django/django,pyproject.toml,45
D,v53e_0947,1,1,v53e_0947_span_001,django/django,pyproject.toml,65
D,v53e_0948,1,1,v53e_0948_span_001,django/django,tox.ini,32
D,v53e_0949,1,1,v53e_0949_span_001,django/django,tox.ini,56
D,v53e_0950,1,1,v53e_0950_span_001,django/django,tox.ini,76
D,v53e_0951,1,1,v53e_0951_span_001,fastapi/fastapi,README.md,1
D,v53e_0952,1,1,v53e_0952_span_001,fastapi/fastapi,README.md,74
D,v53e_0953,1,1,v53e_0953_span_001,fastapi/fastapi,README.md,206
D,v53e_0954,1,1,v53e_0954_span_001,fastapi/fastapi,README.md,309
D,v53e_0955,1,1,v53e_0955_span_001,fastapi/fastapi,README.md,405
D,v53e_0956,1,1,v53e_0956_span_001,fastapi/fastapi,README.md,516
D,v53e_0957,1,1,v53e_0957_span_001,fastapi/fastapi,pyproject.toml,37
D,v53e_0958,1,1,v53e_0958_span_001,fastapi/fastapi,pyproject.toml,110
D,v53e_0959,1,1,v53e_0959_span_001,fastapi/fastapi,pyproject.toml,180
D,v53e_0960,1,1,v53e_0960_span_001,fastapi/fastapi,pyproject.toml,261
D,v53e_0961,1,1,v53e_0961_span_001,pallets/click,README.md,1
D,v53e_0962,1,1,v53e_0962_span_001,pallets/click,README.md,8
D,v53e_0963,1,1,v53e_0963_span_001,pallets/click,README.md,14
D,v53e_0964,1,1,v53e_0964_span_001,pallets/click,README.md,27
D,v53e_0965,1,1,v53e_0965_span_001,pallets/click,README.md,31
D,v53e_0966,1,1,v53e_0966_span_001,pallets/click,README.md,49
D,v53e_0967,1,1,v53e_0967_span_001,pallets/click,README.md,58
D,v53e_0968,1,1,v53e_0968_span_001,pallets/click,examples/aliases/pyproject.toml,2
D,v53e_0969,1,1,v53e_0969_span_001,pallets/click,examples/aliases/pyproject.toml,14
D,v53e_0970,1,1,v53e_0970_span_001,pallets/click,examples/colors/pyproject.toml,4
D,v53e_0971,1,1,v53e_0971_span_001,pallets/flask,README.md,1
D,v53e_0972,1,1,v53e_0972_span_001,pallets/flask,README.md,9
D,v53e_0973,1,1,v53e_0973_span_001,pallets/flask,README.md,16
D,v53e_0974,1,1,v53e_0974_span_001,pallets/flask,README.md,30
D,v53e_0975,1,1,v53e_0975_span_001,pallets/flask,README.md,45
D,v53e_0976,1,1,v53e_0976_span_001,pallets/flask,examples/celery/pyproject.toml,2
D,v53e_0977,1,1,v53e_0977_span_001,pallets/flask,examples/celery/pyproject.toml,10
D,v53e_0978,1,1,v53e_0978_span_001,pallets/flask,examples/javascript/pyproject.toml,5
D,v53e_0979,1,1,v53e_0979_span_001,pallets/flask,examples/javascript/pyproject.toml,12
D,v53e_0980,1,1,v53e_0980_span_001,pallets/flask,examples/javascript/pyproject.toml,22
D,v53e_0981,1,1,v53e_0981_span_001,psf/requests,README.md,3
D,v53e_0982,1,1,v53e_0982_span_001,psf/requests,README.md,23
D,v53e_0983,1,1,v53e_0983_span_001,psf/requests,README.md,46
D,v53e_0984,1,1,v53e_0984_span_001,psf/requests,README.md,60
D,v53e_0985,1,1,v53e_0985_span_001,psf/requests,pyproject.toml,9
D,v53e_0986,1,1,v53e_0986_span_001,psf/requests,pyproject.toml,29
D,v53e_0987,1,1,v53e_0987_span_001,psf/requests,pyproject.toml,40
D,v53e_0988,1,1,v53e_0988_span_001,psf/requests,pyproject.toml,56
D,v53e_0989,1,1,v53e_0989_span_001,psf/requests,pyproject.toml,88
D,v53e_0990,1,1,v53e_0990_span_001,psf/requests,pyproject.toml,108
D,v53e_0991,1,1,v53e_0991_span_001,pypa/pip,README.rst,1
D,v53e_0992,1,1,v53e_0992_span_001,pypa/pip,README.rst,54
D,v53e_0993,1,1,v53e_0993_span_001,pypa/pip,pyproject.toml,29
D,v53e_0994,1,1,v53e_0994_span_001,pypa/pip,pyproject.toml,83
D,v53e_0995,1,1,v53e_0995_span_001,pypa/pip,pyproject.toml,137
D,v53e_0996,1,1,v53e_0996_span_001,pypa/pip,pyproject.toml,177
D,v53e_0997,1,1,v53e_0997_span_001,pypa/pip,pyproject.toml,252
D,v53e_0998,1,1,v53e_0998_span_001,pypa/pip,pyproject.toml,288
D,v53e_0999,1,1,v53e_0999_span_001,pypa/pip,pyproject.toml,326
D,v53e_1000,1,1,v53e_1000_span_001,pypa/pip,pyproject.toml,362
